place,price,size,title
汉沽-汉沽街 文化街,700,38平米,王园北里 客厅带单人床 临近商厦菜市场 出行方便 拎包入住
汉沽-河西 五经路,1500,40平米,桥园里 新上一室 好房子 精装一室 家电齐全 拎包入住
汉沽-汉沽街 新开北路,700,51平米,永安里  ，交通方便，拎包入住
汉沽-汉沽街 东风路,900,57平米,金泽里  二楼  房屋干净  拎包入住
汉沽-汉沽街 滨唐线,1100,94平米,梧桐苑，精装修，家电齐全，拎包入住，价格实惠
汉沽-汉沽街 大丰路,1200,70平米,丽景名苑精装，小区环境优美 拎包入住
汉沽-汉沽街 东风南路,1000,82平米,真实照片 名仕金邸 精装两室家电齐全 有钥匙随时看房
汉沽-河西 三纬路,1000,70平米,泰安里小区，俩室精装，交通方便，家具齐全，拎包入住，致电
汉沽-汉沽街 文化街,1300,91平米,精装修 家电齐全 繁华地段 中心 校区  地势好 看房方便
汉沽-汉沽街 牌坊街,1000,70平米,中心地带 家电齐全 附近生活设施完善
汉沽-汉沽街 新开北路,1000,80平米,家电齐全 拎包入住 汉沽烧烤小吃海鲜便宜吃
汉沽-汉沽街 东风中路,1200,88平米,蓝月湾 精装大两室 家电齐全随时入住
汉沽-汉沽街 东风南路,1500,96平米,拎包入住，临近步行街，学校
汉沽-汉沽街 大丰路,1200,93平米,天润 小区环境佳 精装家电齐全拎包入住
汉沽-汉沽街 大丰路,1500,90平米,丽景名苑 大两室精装 真实照片 随时看房
"汉沽-河西 三经路,近四纬路",3000,110平米,一商友谊 豪装越层 两室一厅 拎包入住
汉沽-汉沽街 文化街,1100,91平米,学仕府紧邻汉沽一中，八中，精装修拎包入住，陪读好住所
汉沽-汉沽街 东风南路,1300,91平米,绿地二期 精装两室 诚心出租 随时看房
汉沽-汉沽街 新开南路,2000,127平米,海宁湾新建小区，配套健身房，购物方便出行方便
汉沽-汉沽街 东风中路,1000,80平米,家电齐全，临近学校，交通便利
汉沽-汉沽街 东风南路,1100,91平米,四季花苑（2期）两室一厅，房子干净，适宜居住~~~
汉沽-汉沽街 大丰路,1300,91平米,适合办公的房子 丽景名苑一楼  看房方便
汉沽-汉沽街 新开南路,700,59平米,环境优美，户型经典，交通方便，拎包入住
"汉沽-汉沽街 东风南路,近人民街",750,58平米,家电齐全 交通方便  地势好 看房提前联系
汉沽-汉沽街 双东路,1200,90平米,繁华地带 朝阳3期 房间宽敞明亮 家电齐全 楼层适中
汉沽-汉沽街 大丰路,1200,124平米,房屋宽敞明亮 楼层适中 繁华地段 *小区 临近学校市场
汉沽-河西 三纬路,1800,59平米,外环边上 泰安里，精装两室，向阳采光好，看房方便，可押一付一
汉沽-汉沽街 东滨街,700,63平米,汉沽中心地带 海鲜便宜吃 小学中学高中都不远
汉沽-河西 一纬路,1300,89平米,润和馨苑 精装两室一楼 家具家电齐全小区地处东西交界出行方便
汉沽-汉沽街 东风南路,1100,64平米,家电齐全 精装修 楼层好 新小区 繁华地段 地势好 发展区域
汉沽-汉沽街 滨唐公路,1200,92平米,天房彩虹苑 精装两室 家具家电齐全 看房方便
汉沽-汉沽街 滨唐公路,1300,92平米,环境优美，户型经典，交通方便，拎包入住
汉沽-汉沽街 文化街,1200,76平米,家电齐全 拎包入住 附近百货 银行 超市 广场生活设施齐全
汉沽-汉沽街 新开中路,850,42平米,铁坨里 交通方便 拎包入住
汉沽-汉沽街 滨唐公路,800,94平米,新小区，好楼层，首租
汉沽-汉沽街 新开中路,850,40平米,环境优美，户型经典，交通方便，拎包入住
汉沽-汉沽街 文化街,1400,93平米,学仕府 精装两室 家具家电齐全 新房首租
汉沽-汉沽街 建设路,1300,93平米,蓝海名苑，南北通透洋房，家电齐全，拎包入住，周边配套齐全
汉沽-汉沽街 朝阳街,1200,88平米,好房子出租采光特别好就是干净新房子
汉沽-汉沽街 新开南路,600,40平米,拎包入住，临近步行街，学校
汉沽-汉沽街 新开南路,700,40平米,秦台里 百货附近 精装修 家电家具齐全 随时看房
汉沽-河西 三纬路,1100,70平米,泰安里 周边设施成熟 闹中取静
汉沽-汉沽街 和谐大街,650,38平米,惠阳里，临近，出行交通方便，拎包入住
汉沽-河西 三径路,800,43平米,九龙里，装修精致，干净整洁，家具齐全，拎包入住，致电
汉沽-河西 四纬路,1000,82平米,开发区上班的点进来 紫润别院 精装两室 家电齐全
汉沽-汉沽街 东风南路,1500,113平米,绿地，三室南北通透，家电齐全，拎包入住
汉沽-汉沽街 和谐大街,800,59平米,仅此一套房价低家电齐全拎包入住周边配套齐全交通便利上班族福利
汉沽-汉沽街 文化街,1400,84平米,繁华地段 交通方便 精美装修 家电齐全 拎包入住
汉沽-汉沽街 大丰路,1300,95平米,滨海未来城，精装修，干净明亮，诚意出租，拎包入住，随时看房
汉沽-汉沽街 滨唐线,1300,84平米,未来城，您梦想中的家园，精装俩室，你还在犹豫什么？
汉沽-汉沽街 文化街,1000,88平米,学仕府，家电齐全，拎包入住，价格实惠
汉沽-汉沽街 新开北路,1000,80平米,滨河家园，精装南北通透，家电齐全，拎包入住
汉沽-汉沽街 友谊街,600,42平米,汉沽 红霞里 一居室 环境优雅 配套齐全 随时看房
汉沽-汉沽街 东风路,1000,74平米,地段好 中心 校区 家电齐全 拎包入住 附近生活设施齐全
汉沽-汉沽街 文化街,1500,86平米,学仕府首，次出租2居室精装修拎包入住付三押一
汉沽-汉沽街 和谐大街,700,38平米,家电齐全 价位便宜 临近学校 市场 商场 银行
汉沽-汉沽街 建设路,1000,83平米,环境优美，户型经典，交通方便，拎包入住
汉沽-汉沽街 新开北路,1200,83平米,家电齐全 临近菜市场 拎包入住 汉沽烧烤小吃海鲜便宜吃
汉沽-汉沽街 建设路,1200,68平米,家电齐全  平阳里二楼两室随时看房
汉沽-河西 三纬路,1800,60平米,津塘路旁 东丽商场对面 泰安里 精装两室 周边配套齐全
汉沽-汉沽街 新开北路,1200,83平米,家电齐全 临近菜市场 拎包入住 汉沽烧烤小吃海鲜便宜吃
汉沽-汉沽街 建设路,1200,68平米,家电齐全  平阳里二楼两室随时看房
汉沽-汉沽街 大丰路,1100,90平米,房主说找个居家过日子的，夫妻或情侣这种租户，经常收拾屋子的~
汉沽-汉沽街 滨唐线,1200,83平米,梧桐苑，精装修，家电齐全，拎包入住
汉沽-汉沽街 滨唐公路,1100,91平米,家电齐全 木地板 拎包入住 繁华小区
"汉沽-汉沽街 东风南路,近人民街",900,56平米,低房价低家电齐全拎包入住周边配套齐全交通便利上班族福低
汉沽-河西 三纬路,1100,63平米,精装修 家电齐全 交通方便  地势好 看房提前联系
汉沽-河西 四平东道,600,55平米,出售 宜春里 周边配套齐全 诚心出租
汉沽-汉沽街 大丰路,1500,94平米,朝阳一期，精装修，家电齐全，拎包入住
汉沽-河西 三纬路,800,80平米,找库房的来 泰安里一楼大两室 随时看房
汉沽-河西 四平东道,600,40平米,租金低 性价比高 寻找特别的你
汉沽-汉沽街 友谊街,650,40平米,红霞里，拎包入住，房主找干净客户
汉沽-河西 三纬路,1800,60平米,泰安里 随时看房 精装修 适合一家三口 配套成熟 押一付一
汉沽-汉沽街 建设路,1500,92平米,华城馨苑，拎包入住，租给爱干净有品味的人
汉沽-汉沽街 新开中路,700,41平米,汉沽中心地带 海鲜便宜吃 小学中学高中都不远 家电齐全拎包入
汉沽-汉沽街 滨唐线,1200,83平米,梧桐苑，精装两室，家电家具齐全，价格美丽
汉沽-汉沽街 滨唐公路,1300,78平米,拎包入住，临近步行街，学校
汉沽-汉沽街 新开北路,3300,158平米,滨河家园，精装修，拎包入住。周边设施齐全。
"汉沽-汉沽街 东风南路,近人民街",750,42平米,东风北里 临近公交车站牌，拎包入住
"汉沽-汉沽街 东风南路,近人民街",850,56平米,东风北里   小三室改两室  拎包即住  抓紧来看
汉沽-汉沽街 牌坊街,1300,57平米,装修好 楼层适中 家电齐全 拎包入住
汉沽-汉沽街 文化街,1200,90平米,拎包入住，家电齐全，精装
汉沽-汉沽街 建设路,1400,89平米,新都汇，小区环境优美，居住舒适
汉沽-汉沽街 建设路,1000,93平米,平阳里2居室中装修拎包入住付三压一
汉沽-汉沽街 滨唐公路,1000,92平米,房子干净，小区环境好，周边配套设施齐全~~~
"汉沽-汉沽街 东风南路,近人民街",750,60平米,装修不错 家电齐全 中心地带
汉沽-河西 二经路,1200,70平米,二连里，一室精装，家具齐全，拎包入住，致电
"汉沽-汉沽街 东风南路,近人民街",800,41平米,转租 3个月 包暖气费 接受短租
汉沽-河西 三纬路,1800,60平米,津塘路旁 东丽商场对面 泰安里 精装两室 周边配套齐全
汉沽-汉沽街 大丰路,1000,62平米,朝阳花园，一室精装，家具齐全，拎包入住，致电
汉沽-汉沽街 东风路,900,74平米,小区位置好，房子干净，學区房，适合陪读的家长~~
汉沽-汉沽街 东滨街,650,52平米,东滨里2居室简装修家电齐全拎包入住付三压一
汉沽-汉沽街 滨唐线,1100,91平米,精装拎包入住，临近地铁，交通便利
汉沽-汉沽街 大丰路,1000,55平米,朝阳二期 精装一室 家电齐全 拎包入住 稀有房源 限时抢租
汉沽-汉沽街 大丰路,1500,93平米,朝阳花园，临近五中和九中，购物方便，随时看房
汉沽-河西 一纬路,1400,92平米,香水湾 中装两室 家具家电齐全 可直接拎包入住
汉沽-汉沽街 文化街,1500,91平米,学仕府 两室一厅精装修 家电齐全 拎包入住
汉沽-河西 四纬路,1000,86平米,紫润别苑，精装两室，家电家具齐全，拎包入住
汉沽-汉沽街 大丰路,1500,100平米,世嘉花园（朝阳四期），精装修，家电齐全，拎包入住，看房方便
汉沽-汉沽街 建设北路,800,67平米,环境优美，户型经典，交通方便，拎包入住
汉沽-汉沽街 滨河路,600,59平米,交通便利，好位置，价格可以
汉沽-汉沽街 建设北路,800,53平米,金谷里，临近一中，购物方便，随时看房
汉沽-汉沽街 大丰线,1100,82平米,优仕名邸，家电齐全，拎包入住，包物业
汉沽-河西 四纬路,1200,90平米,御景华庭，家电齐全，拎包入住，看房方便
汉沽-汉沽街 新开中路,900,45平米,益阳里 精装大一室 临近包入住  出门公交车
汉沽-汉沽街 牌坊东街,700,60平米,家电齐全 价位便宜 临近学校 市场 商场 银行
汉沽-汉沽街 新开北路,1000,82平米,弘泽天泽，家电齐全，拎包入住，价格特别实惠，机不可失
汉沽-汉沽街 新开中路,600,41平米,玉坨里，家电齐全，拎包入住，价格实惠
汉沽-河西 四纬路,1200,88平米,家电齐全 拎包入住 汉沽河西 成熟小区
汉沽-汉沽街 大丰路,1300,97平米,滨海未来城，南北通透，家电齐全，拎包入住，可小刀
汉沽-汉沽街 建设路,850,75平米,平阳里，临近百货，拎包入住，随时看房
汉沽-汉沽街 新开北路,900,93平米,弘泽天泽，家电齐全，拎包入住，性价比极高
汉沽-汉沽街 滨河路,600,45平米,汉源里.简装.干净整洁拎包入住.房主诚租.求稳定爱惜房源客户
汉沽-河西 三纬路,1800,59平米,泰安里 南北通透 精装两室 家电齐全 拎包入住
汉沽-河西 三纬路,900,53平米,环境优美，户型经典，交通方便，拎包入住
汉沽-河西 四纬路,1700,89平米,汉沽河西 御景华庭  精装  两室 拎包入住
汉沽-河西 三径路,550,42平米,好位置，邻近市场，好楼层
汉沽-汉沽街 文化街,1200,90平米,学仕府 豪装两室 家具家电齐全 赶快预定
汉沽-河西 四纬路,1400,88平米,紫润别苑 精装两室 家具家电齐全 新房首租
汉沽-河西 河西街,1000,72平米,雅安里小区，家电齐全精装俩室一厅你还在等什么700
汉沽-汉沽街 东风南路,1100,65平米,精装修 家电齐全 交通方便  地势好 看房提前联系
汉沽-汉沽街 文化街,1200,91平米,环境优美，户型经典，交通方便，拎包入住
汉沽-汉沽街 大丰路,1600,136平米,精装修 木地板 地段好 家电齐全 看房方便
汉沽-汉沽街 东风路,1200,87平米,家电齐全 中心地带 学校 超市 银行周边生活设施齐全
汉沽-汉沽街 国家庄街,1300,90平米,王园南里，精装修，家电齐全，拎包入住，门口公交站
汉沽-汉沽街 滨唐线,1200,83平米,梧桐苑  头 次出租 精装婚房  家电全新
汉沽-汉沽街 大丰路76号,900,70平米,汉滨城市花园 精装一室 家电齐全 拎包入住
汉沽-汉沽街 和谐大街,650,42平米,福顺东里大一室简装修家电齐全拎包入住付三押一
汉沽-汉沽街 新村街,700,60平米,汉沽大帝国 海鲜随便吃 烧烤小吃经济又实惠家电齐 拎包住
汉沽-汉沽街 牌坊街,1000,70平米,家电齐全 两室 交通便利
汉沽-河西 一纬路,1300,89平米,香水湾，精装修，初次出租，家电齐全，拎包入住
汉沽-河西 一经路,1300,91平米,馨月湾 拎包入住 中心城区
汉沽-河西 三径路,900,60平米,九龙里 精装两室设施齐全 拎包入住随时看房
汉沽-汉沽街 新开北路,1200,88平米,滨河家园成熟小区，精装修家电器齐全，看房方便
汉沽-汉沽街 建设路,700,84平米,海悦蓝庭3居室简装修家电齐全拎包入住付三押一
汉沽-汉沽街 大丰路,1500,89平米,国兰花苑 精装两室 家具家电齐全 拎包入住
汉沽-汉沽街 大丰路,1000,55平米,朝阳花园，一室一厅，家电齐全，拎包入住，可刀
汉沽-汉沽街 新开北路,1300,98平米,弘泽天泽，家电齐全，拎包入住，6楼，精装修
汉沽-汉沽街 东风南路,800,52平米,庆阳里一室 房子干净家电齐全 随时看房
汉沽-汉沽街 建设路,1300,89平米,平阳里 精装两室 家具家电齐全 临近学校，市场
汉沽-汉沽街 大丰路,1400,76平米,世嘉花园 精装两室 家具家电齐全 东扩区稀有房源 别再犹豫
汉沽-汉沽街 新开中路,1100,87平米,家电齐全 拎包入住 附近生活设施齐全
汉沽-汉沽街 东风南路,1200,95平米,仅此一套房租低家电齐全拎包入住周边配套齐全交通便利上班族福利
汉沽-河西 三纬路,1000,63平米,天房泰安里 精装两室 新房出租
汉沽-汉沽街 新开北路,1300,98平米,精装修 家电齐全 繁华地段   地势好 看房方便
汉沽-河西 三径路,550,58平米,九龙里，家电齐全，拎包入住，价格实惠
汉沽-汉沽街 大丰路,1300,90平米,丽景名苑，精装修，家电齐全，拎包入住，环境优美
汉沽-河西 三纬路,900,66平米,泰安里 环境优美 闹中取静
汉沽-汉沽街 大丰路,1200,80平米,丽景名苑 简装两室 家具家电齐全 东扩发展区
汉沽-河西 三经路,800,67平米,三明里 中装三室 家具家电齐全 看房方便
汉沽-汉沽街 文化街,500,42平米,坨北里地理位置好，一室一厅，简单装修出行方便
汉沽-河西 一纬路,1000,93平米,精装大两室 租金1000  有钥匙随时看房
汉沽-汉沽街 大丰路,1300,97平米,家电齐全 木地板 双阳面  拎包入住 交通便利
汉沽-汉沽街 文化街,1200,91平米,学仕府，精装修，家电齐全，拎包入住，交通便利
汉沽-汉沽街 滨河路,1000,75平米,沽祥里，家具齐全，交通方便，出行便利，致电
汉沽-汉沽街 国家庄街,700,40平米,出租 咸阳里 环境温馨舒适 全天采光 随时看房
汉沽-汉沽街 新开中路,900,42平米,玉坨里   房子干净  拎包即住  看你保证你相中
汉沽-河西 一纬路,1500,83平米,华城公邸 高档小区 一个温暖的住所
汉沽-河西 西一经路,1100,91平米,美域澜苑，精装修，家具齐全，拎包入住
汉沽-河西 三纬路,1800,59平米,新上 泰安里 便宜出租 精装两室 家具家电全齐 可以随时看房
汉沽-汉沽街 新村街,800,60平米,靠近小学 高中 价位便宜 家电齐全 拎包入住
汉沽-汉沽街 大丰路,1300,77平米,世嘉花园 精装一室一厅 全新家具家电 经典户型 新房首租
汉沽-汉沽街 新开北路,1300,83平米,滨河碧波园 中装两室 家具家电齐全 交通便利 看房方便
汉沽-河西 三纬路,1200,64平米,天房泰安里 中装两室 家具家电齐全 看房方便
汉沽-汉沽街 东风路,800,54平米,中阳里 简装一室 家具家电齐全 可拎包入住
汉沽-汉沽街 新开中路,1000,60平米,玉坨里 双气车棚 临近学校市场 出行方便
汉沽-汉沽街 东风北路,1500,91平米,小区位置好 房子*  家一样的感觉 温馨的港湾
汉沽-汉沽街 东风南路,1100,91平米,仅此一套房租低家电齐全拎包入住周边配套齐全交通便利上班族福利
汉沽-汉沽街 大丰路,1000,70平米,天润新苑 精装大一室 家电齐全 拎包入住
汉沽-汉沽街 新开北路,1500,82平米,精装修 家电齐全 繁华地段 中心 校区  地势好 看房方便
汉沽-汉沽街 文化街,1300,87平米,学仕府 精装两室两厅 家具家电齐全 临近学校，商厦，公交车站
"汉沽-汉沽街 东风南路,近人民街",600,42平米,东风北里平房出租 独立厨卫 一室的价格两室的面积 拎包入住
汉沽-汉沽街 滨唐公路,1500,79平米,首租精装，拎包入住，好位置
汉沽-河西 一纬路,900,86平米,华城公邸（润和馨苑），家电齐全，拎包入住，价格实惠
汉沽-汉沽街 建设路,600,40平米,环境优美，户型经典，交通方便，拎包入住
汉沽-汉沽街 建设路,900,85平米,平阳里 大两室 精装通透 东西可配
汉沽-汉沽街 国家庄街,800,45平米,仅此一套房租低家电齐全拎包入住周边配套齐全交通便利上班族福利
汉沽-汉沽街 建设路,1000,60平米,出租平阳里 精装修 家电家具齐全 随时看房
汉沽-河西 三径路,900,58平米,九龙里 精装修 临近菜市场 购物方便 交通便捷 拎包 致电
汉沽-汉沽街 大丰路,1300,90平米,丽景名苑  中等楼层   家电齐全  拎包入住
汉沽-汉沽街 建设路,900,85平米,平阳里 大两室 精装通透 东西可配
汉沽-汉沽街 国家庄街,800,45平米,仅此一套房租低家电齐全拎包入住周边配套齐全交通便利上班族福利
汉沽-汉沽街 建设路,1000,60平米,出租平阳里 精装修 家电家具齐全 随时看房
汉沽-河西 三径路,900,58平米,九龙里 精装修 临近菜市场 购物方便 交通便捷 拎包 致电
汉沽-汉沽街 大丰路,1500,90平米,丽景名苑  拎包入住
汉沽-汉沽街 大丰线,1200,93平米,优仕名邸 精装两室 紧邻大丰路 拎包入住
汉沽-汉沽街 新开北路,1500,92平米,顺： 驰，家电齐全，拎包入住，交通生活便利
汉沽-汉沽街 大丰路,1400,93平米,精装修 家电齐全 交通方便  地势好 看房提前联系
汉沽-汉沽街 建设路,1300,103平米,蓝海名苑，大面积两室，精装修，家电齐全，拎包入住
汉沽-河西 三纬路,1000,88平米,周边配套齐全，小区临近学校，适合上班族，陪读家长的不二之选~
汉沽-汉沽街 东风南路,1500,91平米,四季花苑成熟小区，大平米无公摊，精装修拎包入住
汉沽-汉沽街 新开中路,1000,45平米,益阳里地理位置好汉沽中心位置，家电齐全拎包入住，看房有钥匙
汉沽-汉沽街 大丰路,1100,83平米,滨海未来城 精装两室 家具家电齐全 包暖气费 看房方便
汉沽-河西 一纬路,1300,92平米,环境优美，户型经典，交通方便，拎包入住
汉沽-汉沽街 和谐大街,900,60平米,惠阳里 性价比高 拎包入住 看房快
汉沽-汉沽街 建设路,1200,90平米,海悦蓝庭新都汇 精装两室 看房方便 拎包入住
汉沽-汉沽街 建设北路,600,42平米,价位低 家电齐全 长租短租均可
汉沽-汉沽街 国家庄街,1000,57平米,环境优美，户型经典，交通方便，拎包入住
汉沽-河西 一经路,1100,90平米,家电齐全 价位便宜 临近学校 市场 商场 银行 医院
汉沽-汉沽街 建设北路,1300,91平米,家电齐全 拎包入住 交通便利 附近生活设施齐全
汉沽-汉沽街 新开中路,750,52平米,一小 陪读  坨南里2楼一室 看房方便
汉沽-汉沽街 文化街,900,77平米,坨北里，临近商厦，随时看房
汉沽-汉沽街 建设路,1300,93平米,华城馨苑 精装二室 繁华地段 家电齐全 拎包入住
汉沽-汉沽街 大丰路,1600,94平米,朝阳花园成熟小区，紧邻菜市场购物方便
汉沽-汉沽街 东风路,750,48平米,中阳里大一室中装修家电齐全拎包入住付三押一
汉沽-汉沽街 东风南路,1000,65平米,真实照片随时看房 四季花苑 电梯洋房 精装大一室
汉沽-汉沽街 大丰路,1500,90平米,精装修 家电齐全 交通方便  地势好 看房提前联系
汉沽-河西 四纬路,1300,83平米,紫润别苑 精装两室 家具家电齐全 新房首租
汉沽-汉沽街 滨唐公路,1100,94平米,家电齐全 精装修 楼层好 新小区 繁华地段 地势好 发展区域
汉沽-汉沽街 新开北路,2600,142平米,海尚豪庭  精装 全实木家具  拎包入住
汉沽-汉沽街 新开北路,1200,105平米,永安里好楼层办公好选择  中等装修家电齐全
汉沽-河西 四纬路,1250,89平米,精装修新 出租 家电齐全 交通方便  地势好 看房提前联系
汉沽-汉沽街 新开中路,1200,59平米,精装修 家电齐全 繁华地段 对应中心小学  看房方便
汉沽-汉沽街 友谊街,750,60平米,红霞里  两室 全天采光 拎包入住随时看房
"汉沽-汉沽街 东风南路,近人民街",800,48平米,家电齐全 价位便宜 临近学校 市场 商场 银行
"汉沽-河西 三经路,近四纬路",2000,110平米,一商友谊 精装越层 两室一厅 拎包入住
"汉沽-汉沽街 东风南路,近人民街",1200,70平米,装修不错 家电齐全 拎包入住 附近生活设施齐全
汉沽-汉沽街 栖霞街,1000,88平米,泰达汉郡，家电齐全，拎包入住，环境优美，价格实惠
汉沽-汉沽街 东风路,950,73平米,金泽里，家电齐全，拎包入住，价格实惠
汉沽-汉沽街 新开中路,700,41平米,家电齐全 价位便宜 临近学校 市场 商场 银行
汉沽-汉沽街 牌坊街,1300,72平米,东风南里，南北通透，家电齐全，拎包入住
汉沽-汉沽街 文化街,1400,112平米,精装修 木地板 地段好 家电齐全 看房方便
汉沽-汉沽街 新开北路,1450,120平米,汉沽中心地带 海鲜便宜吃 小学中学高中都不远 宽敞明亮
汉沽-汉沽街 建设路,1300,86平米,海悦蓝庭，装修好，家电齐全，拎包入住
汉沽-河西 四纬路,1500,120平米,好环境，交通便利，好位置
汉沽-汉沽街 滨唐公路,1000,94平米,首出租，交通便利，家电齐全
汉沽-汉沽街 大丰路,1400,94平米,精装修 家电齐全 发展式区域 繁华地带 交通方便 拎包入住
汉沽-汉沽街 东风中路,1200,98平米,富达花园，交通方便，环境优美，拎包入住。
汉沽-汉沽街 滨唐公路,1200,92平米,天房彩虹苑，精装修南北通透，家电齐全，拎包入住
汉沽-汉沽街 大丰路,900,74平米,丽景名苑，家电齐全，拎包入住，性价比高
汉沽-汉沽街 新开北路,1100,94平米,滨河家园 小区环境优美 闹中取静
汉沽-汉沽街 新开北路,1000,82平米,弘泽天泽，家具家电齐全，拎包入住，两室1000元
汉沽-汉沽街 滨唐公路,1200,92平米,天房彩虹苑 家电齐全 高端小区只配高端的你
汉沽-汉沽街 朝阳街,1300,88平米,泰达美源 精装两室 没有家电 价格可议 看房联系
汉沽-汉沽街 新开中路,900,89平米,坨南里，南北通透，家电齐全，拎包入住，中心地区，价格实惠
汉沽-汉沽街 文化街,1500,86平米,学仕府 精装修 家电齐全 拎包入住
汉沽-汉沽街 建设路,1000,83平米,海悦蓝庭，成熟社区，地理位置佳出现方便购物方便
汉沽-汉沽街 文化街,1300,87平米,学仕府 精装两室两厅 家具家电齐全 临近学校，商厦，公交车站
汉沽-河西 四纬路,1300,83平米,紫润别苑，拎包入住，家电齐全，温馨舒服
汉沽-汉沽街 大丰路,1300,92平米,天润新苑，优秀楼层，精装修，南北通透，家电齐全，拎包入住
汉沽-汉沽街 新开北路,1000,82平米,弘泽天泽，家具家电齐全，拎包入住，两室1000元
汉沽-汉沽街 滨唐公路,1200,92平米,天房彩虹苑 家电齐全 高端小区只配高端的你
汉沽-汉沽街 朝阳街,1300,88平米,泰达美源 精装两室 没有家电 价格可议 看房联系
汉沽-汉沽街 新开中路,900,89平米,坨南里，南北通透，家电齐全，拎包入住，中心地区，价格实惠
汉沽-汉沽街 文化街,1500,86平米,学仕府 精装修 家电齐全 拎包入住
汉沽-汉沽街 建设路,1000,83平米,海悦蓝庭，成熟社区，地理位置佳出现方便购物方便
汉沽-汉沽街 文化街,1300,87平米,学仕府 精装两室两厅 家具家电齐全 临近学校，商厦，公交车站
汉沽-河西 四纬路,1300,83平米,紫润别苑，拎包入住，家电齐全，温馨舒服
汉沽-汉沽街 东风路,1200,80平米,蓝月湾，家具齐全，拎包入住，交通便利，配套设施完善
汉沽-河西 四纬路,1000,74平米,新澳花园，临近一商，拎包入住，随时看房
汉沽-汉沽街 大丰路,1300,92平米,天润新苑，优秀楼层，精装修，南北通透，家电齐全，拎包入住
汉沽-汉沽街 建设路,800,82平米,新都汇 简装两室 只租800  随时看房有钥匙
汉沽-汉沽街 大丰路,1300,93平米,天润新苑 精装两室 家电齐全 干净明亮 租房首.选
汉沽-汉沽街 东风路,1100,86平米,蓝月湾，家电齐全，拎包入住，价格实惠，交通生活便利
汉沽-汉沽街 人民街,750,45平米,三湖里简单装修一室，家电家具齐全，地段繁华，临近车站随时看房
汉沽-河西 一纬路,1400,92平米,香水湾 中装两室 家具家电齐全 可直接拎包入住
汉沽-汉沽街 新开中路,1100,80平米,玉坨里 精装两室两厅 家具家电齐全 好地段 临近学校，商场
汉沽-汉沽街 牌坊东街,1000,85平米,家电齐全 临近百货超市 拎包入住 汉沽烧烤小吃海鲜便宜吃
汉沽-河西 四纬路,1200,86平米,紫润别苑 精装两室 全新家具家电 新房首租
汉沽-汉沽街 文化街,1200,91平米,环境优美，户型经典，交通方便，拎包入住
汉沽-汉沽街 大丰路,1500,93平米,天润新苑精装房屋 两室一厅家电齐全拎包入住
汉沽-汉沽街 大丰路,1300,120平米,家电齐全 精装修 楼层好 新小区 繁华地段 地势好
汉沽-汉沽街 新开中路,1000,78平米,坨南里两室一厅 中等装修 家电齐全拎包入住
汉沽-汉沽街 大丰路,1400,89平米,汉沽大帝国 海鲜随便吃 烧烤小吃经济又实惠家电齐 拎包住
汉沽-汉沽街 滨唐线,1400,91平米,梧桐苑 精装两室 家具家电全新 新房首租
汉沽-汉沽街 建设路,750,41平米,平阳里，简装一室，家电基本齐全，临近小学，幼儿园
汉沽-汉沽街 大丰路,1300,110平米,滨海未来城 精装三室 家具家电齐全 欢迎您来加入
汉沽-河西 三纬路,900,88平米,天房泰安里两室一厅，家具齐全，房屋干净，适合干净的你去居住~
汉沽-河西 三径路,550,42平米,交通便利，好楼层，临近市场
汉沽-汉沽街 建设路,1200,93平米,平阳里，临近百货，拎包入住，双气车棚
汉沽-汉沽街 新开中路,750,51平米,坨南里大一室家电齐全拎包入住付三押一
汉沽-汉沽街 新开中路,1000,50平米,坨南里，临近百货和车站，随时看房，拎包入住
汉沽-汉沽街 大丰路,1200,77平米,朝阳四期（世嘉花园），精装洋房，家电齐全，拎包入住
汉沽-河西 一经路,1400,90平米,拎包入住，精装，交通便利
汉沽-汉沽街 人民街,1000,71平米,三湖里 车站附近 生活相当方便 下楼什么都有
汉沽-汉沽街 朝阳街,1600,86平米,只租爱干净的女孩，无线，家电齐全
汉沽-汉沽街 建设路,800,82平米,和和家园，交通方便，环境优美，拎包入住。800 致电
汉沽-汉沽街 东风南路,1500,91平米,绿地二期 精装修 首 出租 家电齐全 拎包入住
汉沽-汉沽街 和谐大街,700,42平米,家电齐全  附近银行 菜市场 超市 生活设施齐全
汉沽-汉沽街 大丰路,1000,78平米,装修不错 家电齐全 附近银行 超市 菜市场 海鲜街生活设施齐
汉沽-汉沽街 建设北路,1000,62平米,家电齐全  附近银行 学校 菜市场 超市 生活设施齐全
汉沽-汉沽街 大丰路,1500,92平米,精装修 家电齐全 发展式区域 繁华地带 交通方便 拎包入住
汉沽-汉沽街 大丰线,800,23平米,地铁6号线梅江 押一付一 费用全包 拎包入住 没有ZJ费
汉沽-汉沽街 新开中路,1000,64平米,精装拎包入住，临近学校，广场
汉沽-汉沽街 东风路,1100,73平米,地段好 中心 校区 家电齐全 拎包入住 附近生活设施齐全
汉沽-汉沽街 大丰线,700,82平米,高层 价位低廉 家电齐全 临近大丰路
汉沽-汉沽街 牌坊街,1100,80平米,汉沽中心地带 海鲜便宜吃
汉沽-汉沽街 人民街,750,52平米,环境优美，户型经典，交通方便，拎包入住
汉沽-河西 三径路,800,60平米,仅此一套房租低家电齐全拎包入住周边配套齐全交通便利上班族福利
汉沽-汉沽街 大丰路,800,90平米,丽景名苑   家电全  两室拎包即住    超 便宜
汉沽-汉沽街 大丰路,700,97平米,滨海未来城，俩室精装，家具齐全，拎包入住，致电
汉沽-河西 五经路,1500,40平米,桥园里 新上一室 好房子 精装一室 家电齐全 拎包入住
汉沽-汉沽街 友谊街,850,59平米,红霞里，临近车站百货，临近一中，随时看房，拎包入住
汉沽-汉沽街 东风南路,1400,89平米,小区环境优美，交通便利，看房方便
汉沽-汉沽街 化工路,1300,92平米,精装 梧桐苑  温馨的小家  拎包入住
汉沽-汉沽街 东风路,700,53平米,中阳里，一室精装修，优秀楼层，家电齐全，拎包入住，机不可失
汉沽-汉沽街 朝阳街,1200,93平米,泰达美源，俩室精装，家具齐全，拎包入住，
汉沽-汉沽街 新开北路,1300,96平米,环境优美，户型经典，交通方便，拎包入住
汉沽-汉沽街 牌坊东街,1200,60平米,家电齐全 木地板 地段好 交通便利 车位多
汉沽-汉沽街 大丰路,1500,99平米,世嘉花园 精装大两室 家电齐全
汉沽-汉沽街 化工路,1300,92平米,精装 梧桐苑  温馨的小家  拎包入住
汉沽-汉沽街 东风路,700,53平米,中阳里，一室精装修，优秀楼层，家电齐全，拎包入住，机不可失
汉沽-汉沽街 朝阳街,1200,93平米,泰达美源，俩室精装，家具齐全，拎包入住，
汉沽-汉沽街 新开北路,1300,96平米,环境优美，户型经典，交通方便，拎包入住
汉沽-汉沽街 牌坊东街,1200,60平米,家电齐全 木地板 地段好 交通便利 车位多
汉沽-汉沽街 东风南路,1100,64平米,绿地二期，精装修，一室一厅，家电齐全，拎包入住
汉沽-汉沽街 建设北路,1700,41平米,金谷里 精装 一室 家电齐全 随时看房
汉沽-汉沽街 大丰路,1200,92平米,高档小区，环境优美，适宜居住
汉沽-汉沽街 建设路,900,72平米,海悦蓝庭  好位置 豪华装修 成熟的商圈 900的租价没谁了
"汉沽-河西 三经路,近四纬路",1800,72平米,精装修 楼下是厨房 餐厅 楼上是卧室 跃层 家电齐全
汉沽-河西 四纬路,1300,90平米,成熟小区 物业不错 家电齐全
汉沽-汉沽街 大丰路,1500,99平米,世嘉花园 精装大两室 家电齐全
汉沽-汉沽街 大丰线,1200,95平米,房子装修好，家电齐全，很干净，采光好~~~
汉沽-汉沽街 东风路,800,51平米,中阳里 闹中取静 交通便利
汉沽-汉沽街 大丰路,1100,99平米,滨海未来城 此小区环境优美 采光通风俱佳
汉沽-汉沽街 新开中路,900,42平米,地段好 中心 校区 家电齐全 附近超市 银行 学校生活设施全
汉沽-汉沽街 文化街,700,38平米,王园北里 客厅带单人床 临近商厦菜市场 出行方便 拎包入住
汉沽-河西 三纬路,1200,64平米,河西地带 成熟小区 家电齐全 精装修
汉沽-河西 三经路,900,67平米,家电齐全 价位便宜 临近华润万家
汉沽-汉沽街 友谊街,900,41平米,红霞里，小区环境优美，交通便利
汉沽-汉沽街 牌坊街,1000,70平米,东风北里，三室H户型，家电齐全，拎包入住，性价比高
汉沽-汉沽街 建设路,1200,105平米,平阳里，大两室精装，家电齐全，环境优美，价钱合理
汉沽-汉沽街 新村街,1700,100平米,新村南里精装修家电齐全 拎包入住 看房方便
汉沽-汉沽街 建设路,1200,93平米,新小区 环境好 屋子装修好 干净 两室
汉沽-汉沽街 滨河路,1000,59平米,后坨里  拎包即住  看房随时方便  百货附近
汉沽-汉沽街 文化街,1300,112平米,汉华世家 此小区环境优美 地段优越
汉沽-汉沽街 新开北路,1300,94平米,精装修 家电齐全 靠近公交站 菜市场 银行 生活设施齐全
汉沽-汉沽街 牌坊东街,900,60平米,牌坊东里 南北户型 周边设施成熟
汉沽-汉沽街 东风路,800,55平米,环境优美，户型经典，交通方便，拎包入住
汉沽-汉沽街 建设路,1100,86平米,平阳里，精装南北通透，家电齐全，拎包入住
汉沽-汉沽街 国家庄街,800,44平米,咸阳里 新开路附近 一楼 交通方便 购物方便
汉沽-汉沽街 滨唐公路,1100,94平米,天房彩虹苑，此小区环境优美，绿化率高。
汉沽-汉沽街 牌坊街,850,60平米,东风南里2室-1厅-1卫整租
汉沽-汉沽街 大丰路76号,1300,106平米,汉滨城市花园3室-2厅-1卫整租
汉沽-汉沽街 大丰路,1400,97平米,滨海未来城2室-2厅-1卫整租
汉沽-汉沽街 建设路,1500,88平米,海悦蓝庭2室-1厅-1卫整租
汉沽-汉沽街 大丰路,1200,75平米,天润新苑1室-1厅-1卫合租
汉沽-汉沽街 建设路,1500,88平米,海悦蓝庭2室-1厅-1卫整租
汉沽-汉沽街 大丰路,1200,75平米,天润新苑1室-1厅-1卫整租
汉沽-汉沽街 津汉路,2380,90平米,田华里2室-1厅-1卫整租
汉沽-汉沽街 文化街,800,79平米,坨北里2室-1厅-1卫整租
汉沽-汉沽街 东风南路,1500,66平米,四季花苑1室-1厅-1卫整租
汉沽-河西 五纬路,1200,86平米,旭辉朗悦湾2室-1厅-1卫
汉沽-汉沽街 国家庄街,400,81平米,王园南里2室-1厅-1卫合租
汉沽-汉沽街 滨唐线,500,95平米,梧桐苑2室-2厅-1卫整租
汉沽-汉沽街 牌坊街,850,60平米,东风南里2室-1厅-1卫整租
汉沽-汉沽街 建设路,1500,88平米,海悦蓝庭2室-1厅-1卫整租
汉沽-汉沽街 滨唐公路,1000,96平米,天房彩虹苑2室-1厅-1卫整租
